DROP TABLE IF EXISTS "attendance";
CREATE TABLE "attendance" ("id" INTEGER PRIMARY KEY  AUTOINCREMENT  NOT NULL UNIQUE  , "student_id" INTEGER NOT NULL , "course_id" INTEGER NOT NULL , "date" DATETIME NOT NULL , "attn" INTEGER NOT NULL ,FOREIGN KEY("student_id")  REFERENCES student("id"),FOREIGN KEY("course_id")  REFERENCES course("id"));
INSERT INTO "attendance" VALUES(9,6,6,'2017-4-25',3);
INSERT INTO "attendance" VALUES(10,8,6,'2017-4-25',3);
INSERT INTO "attendance" VALUES(11,1,6,'2017-4-25',3);
INSERT INTO "attendance" VALUES(12,3,6,'2017-4-25',3);
INSERT INTO "attendance" VALUES(13,16,6,'2017-4-25',3);
INSERT INTO "attendance" VALUES(14,17,6,'2017-4-25',3);
INSERT INTO "attendance" VALUES(15,18,6,'2017-4-25',3);
INSERT INTO "attendance" VALUES(16,19,6,'2017-4-25',3);
INSERT INTO "attendance" VALUES(17,20,6,'2017-4-25',3);
INSERT INTO "attendance" VALUES(18,21,6,'2017-4-25',3);
INSERT INTO "attendance" VALUES(19,11,6,'2017-4-25',1);
INSERT INTO "attendance" VALUES(26,36,1,'2017-1-1',1);
INSERT INTO "attendance" VALUES(27,37,1,'2017-1-1',1);
INSERT INTO "attendance" VALUES(28,35,1,'2017-1-1',1);
DROP TABLE IF EXISTS "course";
CREATE TABLE "course" ("id" INTEGER PRIMARY KEY  AUTOINCREMENT  NOT NULL  UNIQUE, "code" VARCHAR NOT NULL  UNIQUE , "title" VARCHAR NOT NULL , "credit" DOUBLE NOT NULL );
INSERT INTO "course" VALUES(1,'cse334','java',3);
INSERT INTO "course" VALUES(2,'cse200','200',2);
INSERT INTO "course" VALUES(3,'cse100','100 project',1);
INSERT INTO "course" VALUES(4,'CSE400','thesis',2);
INSERT INTO "course" VALUES(5,'cse133','C',3);
INSERT INTO "course" VALUES(6,'cse-361','networking',3);
DROP TABLE IF EXISTS "jadu";
CREATE TABLE "jadu" ("dob" DATETIME);
INSERT INTO "jadu" VALUES('2016-01-06');
INSERT INTO "jadu" VALUES('2016-01-07');
INSERT INTO "jadu" VALUES('2016-01-09');
INSERT INTO "jadu" VALUES('2016-02-09');
INSERT INTO "jadu" VALUES('2016-03-09');
INSERT INTO "jadu" VALUES('2017-5-2');
INSERT INTO "jadu" VALUES(1451584800000);
INSERT INTO "jadu" VALUES(1451584800000);
INSERT INTO "jadu" VALUES(1465495200000);
INSERT INTO "jadu" VALUES('2016-3-7');
INSERT INTO "jadu" VALUES('2016-11-13');
DROP TABLE IF EXISTS "pivot";
CREATE TABLE "pivot" ("id" INTEGER PRIMARY KEY  AUTOINCREMENT  NOT NULL  UNIQUE ,"student_id" INTEGER NOT NULL  , "course_id" INTEGER NOT NULL  ,FOREIGN KEY("student_id")  REFERENCES student("id"),FOREIGN KEY("course_id")  REFERENCES course("id") );
INSERT INTO "pivot" VALUES(27,4,1);
INSERT INTO "pivot" VALUES(28,1,0);
INSERT INTO "pivot" VALUES(29,2,0);
INSERT INTO "pivot" VALUES(30,3,0);
INSERT INTO "pivot" VALUES(31,5,0);
INSERT INTO "pivot" VALUES(32,11,4);
INSERT INTO "pivot" VALUES(33,1,4);
INSERT INTO "pivot" VALUES(34,2,4);
INSERT INTO "pivot" VALUES(35,3,4);
INSERT INTO "pivot" VALUES(36,5,4);
INSERT INTO "pivot" VALUES(37,4,4);
INSERT INTO "pivot" VALUES(38,15,5);
INSERT INTO "pivot" VALUES(39,14,5);
INSERT INTO "pivot" VALUES(40,16,5);
INSERT INTO "pivot" VALUES(41,17,5);
INSERT INTO "pivot" VALUES(42,18,5);
INSERT INTO "pivot" VALUES(43,19,5);
INSERT INTO "pivot" VALUES(44,20,5);
INSERT INTO "pivot" VALUES(45,21,5);
INSERT INTO "pivot" VALUES(46,22,5);
INSERT INTO "pivot" VALUES(47,23,5);
INSERT INTO "pivot" VALUES(48,24,5);
INSERT INTO "pivot" VALUES(49,25,5);
INSERT INTO "pivot" VALUES(50,1,4);
INSERT INTO "pivot" VALUES(51,3,4);
INSERT INTO "pivot" VALUES(52,5,4);
INSERT INTO "pivot" VALUES(53,12,4);
INSERT INTO "pivot" VALUES(54,16,4);
INSERT INTO "pivot" VALUES(55,17,4);
INSERT INTO "pivot" VALUES(56,18,4);
INSERT INTO "pivot" VALUES(57,19,4);
INSERT INTO "pivot" VALUES(58,20,4);
INSERT INTO "pivot" VALUES(59,21,4);
INSERT INTO "pivot" VALUES(60,22,4);
INSERT INTO "pivot" VALUES(61,23,4);
INSERT INTO "pivot" VALUES(62,24,4);
INSERT INTO "pivot" VALUES(63,25,4);
INSERT INTO "pivot" VALUES(64,26,5);
INSERT INTO "pivot" VALUES(66,29,5);
INSERT INTO "pivot" VALUES(67,28,5);
INSERT INTO "pivot" VALUES(68,30,5);
INSERT INTO "pivot" VALUES(69,1,6);
INSERT INTO "pivot" VALUES(70,3,6);
INSERT INTO "pivot" VALUES(71,5,6);
INSERT INTO "pivot" VALUES(72,12,6);
INSERT INTO "pivot" VALUES(73,16,6);
INSERT INTO "pivot" VALUES(74,17,6);
INSERT INTO "pivot" VALUES(75,18,6);
INSERT INTO "pivot" VALUES(76,19,6);
INSERT INTO "pivot" VALUES(77,20,6);
INSERT INTO "pivot" VALUES(78,21,6);
INSERT INTO "pivot" VALUES(79,22,6);
INSERT INTO "pivot" VALUES(80,23,6);
INSERT INTO "pivot" VALUES(81,24,6);
INSERT INTO "pivot" VALUES(82,25,6);
INSERT INTO "pivot" VALUES(83,26,6);
INSERT INTO "pivot" VALUES(84,27,6);
INSERT INTO "pivot" VALUES(85,28,6);
INSERT INTO "pivot" VALUES(86,29,6);
INSERT INTO "pivot" VALUES(87,30,6);
INSERT INTO "pivot" VALUES(88,11,6);
INSERT INTO "pivot" VALUES(89,31,6);
INSERT INTO "pivot" VALUES(90,32,6);
INSERT INTO "pivot" VALUES(91,33,6);
INSERT INTO "pivot" VALUES(92,31,1);
INSERT INTO "pivot" VALUES(93,8,6);
INSERT INTO "pivot" VALUES(94,9,6);
INSERT INTO "pivot" VALUES(95,31,3);
INSERT INTO "pivot" VALUES(96,32,3);
INSERT INTO "pivot" VALUES(97,33,3);
INSERT INTO "pivot" VALUES(98,31,2);
INSERT INTO "pivot" VALUES(99,32,2);
INSERT INTO "pivot" VALUES(100,33,2);
INSERT INTO "pivot" VALUES(101,33,5);
INSERT INTO "pivot" VALUES(102,32,5);
INSERT INTO "pivot" VALUES(106,35,1);
INSERT INTO "pivot" VALUES(107,36,1);
INSERT INTO "pivot" VALUES(108,37,1);
INSERT INTO "pivot" VALUES(109,35,5);
INSERT INTO "pivot" VALUES(110,36,5);
INSERT INTO "pivot" VALUES(111,37,5);
DROP TABLE IF EXISTS "student";
CREATE TABLE "student" ("id" INTEGER PRIMARY KEY  AUTOINCREMENT  NOT NULL  UNIQUE , "reg" VARCHAR NOT NULL  UNIQUE , "stu_name" VARCHAR NOT NULL , "batch" INTEGER NOT NULL );
INSERT INTO "student" VALUES(1,'12','s',2012);
INSERT INTO "student" VALUES(3,'24','a',2012);
INSERT INTO "student" VALUES(4,'64','as',2013);
INSERT INTO "student" VALUES(5,'62','nipokpok',2012);
INSERT INTO "student" VALUES(6,'2012331082','leftpinky',2013);
INSERT INTO "student" VALUES(7,'2012331083','indexright',2013);
INSERT INTO "student" VALUES(8,'2012331084','indexrighttani',2013);
INSERT INTO "student" VALUES(9,'2012331085','indexrighttani',2013);
INSERT INTO "student" VALUES(10,'2012331086','thumbright',2014);
INSERT INTO "student" VALUES(11,'2016331001','sh_left_index',2016);
INSERT INTO "student" VALUES(12,'2012331024','24',2012);
INSERT INTO "student" VALUES(13,'2012331021','shoron l p',12);
INSERT INTO "student" VALUES(14,'2012331099','ami',12);
INSERT INTO "student" VALUES(15,'45','t',12);
INSERT INTO "student" VALUES(16,'007','khyo',2012);
INSERT INTO "student" VALUES(17,'008','khyo_lm',2012);
INSERT INTO "student" VALUES(18,'009','khyo_lr',2012);
INSERT INTO "student" VALUES(19,'010','khyo_lp',2012);
INSERT INTO "student" VALUES(20,'011','khyo_lt',2012);
INSERT INTO "student" VALUES(21,'012','khyo_ri',2012);
INSERT INTO "student" VALUES(22,'013','khyo_rm',2012);
INSERT INTO "student" VALUES(23,'014','khyo_rr',2012);
INSERT INTO "student" VALUES(24,'015','khyo_rp',2012);
INSERT INTO "student" VALUES(25,'017','khyo_rt',2012);
INSERT INTO "student" VALUES(26,'30','nirob right thumb',2012);
INSERT INTO "student" VALUES(27,'31','nirob right index',2012);
INSERT INTO "student" VALUES(28,'33','nirob left index',2012);
INSERT INTO "student" VALUES(29,'32','nirob left thumb',2012);
INSERT INTO "student" VALUES(30,'100','tani right index',2012);
INSERT INTO "student" VALUES(31,'007_1','seven_1',2017);
INSERT INTO "student" VALUES(32,'008_1','eight_1',2017);
INSERT INTO "student" VALUES(33,'009_1','nine_1',2017);
INSERT INTO "student" VALUES(34,'2012331010','roll10',12);
INSERT INTO "student" VALUES(35,'010_1','ten',2018);
INSERT INTO "student" VALUES(36,'011_1','eleven',2018);
INSERT INTO "student" VALUES(37,'012_1','twelve',2018);
INSERT INTO "student" VALUES(38,'2012333012','differentDept',2012);
